topic,timestamp,value
"tele/soil/pot0/temp0","2017-06-18 21:55:41.849886","-127.00"
"tele/soil/pot0/moisture0","2017-06-18 21:55:41.906176","1024"
"tele/soil/pot0/temp0","2017-06-18 22:09:34.525750","-127.00"
"tele/soil/pot0/moisture0","2017-06-18 22:09:34.585496","1024"
"tele/soil/pot0/temp0","2017-06-18 22:19:19.842358","-127.00"
"tele/soil/pot0/moisture0","2017-06-18 22:19:19.899949","1024"
"tele/soil/pot0/temp0","2017-06-18 22:29:05.585144","-127.00"
"tele/soil/pot0/moisture0","2017-06-18 22:29:05.641411","1024"
"tele/soil/pot0/temp0","2017-06-18 22:38:52.870594","-127.00"
"tele/soil/pot0/moisture0","2017-06-18 22:38:52.955004","1024"
"tele/soil/pot0/temp0","2017-06-18 22:48:38.166547","-127.00"
"tele/soil/pot0/moisture0","2017-06-18 22:48:38.219318","1024"
"tele/soil/pot0/temp0","2017-06-18 22:58:24.520309","-127.00"
"tele/soil/pot0/moisture0","2017-06-18 22:58:24.601503","1024"
"tele/soil/pot0/temp0","2017-06-18 23:04:06.429835","-127.00"
"tele/soil/pot0/moisture0","2017-06-18 23:04:06.483347","1024"
"tele/soil/pot0/temp0","2017-06-18 23:13:49.273077","-127.00"
"tele/soil/pot0/moisture0","2017-06-18 23:13:49.365092","1024"
"tele/soil/pot0/temp0","2017-06-18 23:23:35.234031","-127.00"
"tele/soil/pot0/moisture0","2017-06-18 23:23:35.283287","1024"
"tele/soil/pot0/temp0","2017-06-18 23:33:21.375432","-127.00"
"tele/soil/pot0/moisture0","2017-06-18 23:33:21.425268","1024"
"tele/soil/pot0/temp0","2017-06-18 23:43:07.580598","-127.00"
"tele/soil/pot0/moisture0","2017-06-18 23:43:07.632465","1024"
"tele/soil/pot0/temp0","2017-06-18 23:52:53.929874","-127.00"
"tele/soil/pot0/moisture0","2017-06-18 23:52:53.993736","1024"
"tele/soil/pot0/temp0","2017-06-19 00:02:40.374371","-127.00"
"tele/soil/pot0/moisture0","2017-06-19 00:02:40.435565","1024"
"tele/soil/pot0/temp0","2017-06-19 00:12:26.929557","-127.00"
"tele/soil/pot0/moisture0","2017-06-19 00:12:26.987913","1024"
"tele/soil/pot0/temp0","2017-06-19 00:22:13.385895","-127.00"
"tele/soil/pot0/moisture0","2017-06-19 00:22:13.441170","1024"
"tele/soil/pot0/temp0","2017-06-19 00:32:00.237343","-127.00"
"tele/soil/pot0/moisture0","2017-06-19 00:32:00.298804","1024"
"tele/soil/pot0/temp0","2017-06-19 00:41:45.234481","-127.00"
"tele/soil/pot0/moisture0","2017-06-19 00:41:45.290399","1024"
"tele/soil/pot0/temp0","2017-06-19 00:51:31.373947","-127.00"
"tele/soil/pot0/moisture0","2017-06-19 00:51:31.444504","1024"
"tele/soil/pot0/temp0","2017-06-19 01:01:17.735041","-127.00"
"tele/soil/pot0/moisture0","2017-06-19 01:01:17.790353","1024"
"tele/soil/pot0/temp0","2017-06-19 01:11:03.988235","-127.00"
"tele/soil/pot0/moisture0","2017-06-19 01:11:04.036781","1024"
"tele/soil/pot0/temp0","2017-06-19 01:20:49.888578","-127.00"
"tele/soil/pot0/moisture0","2017-06-19 01:20:49.970806","1024"
"tele/soil/pot0/temp0","2017-06-19 01:30:40.846009","-127.00"
"tele/soil/pot0/moisture0","2017-06-19 01:30:40.894341","1024"
"tele/soil/pot0/temp0","2017-06-19 01:40:22.275532","-127.00"
"tele/soil/pot0/moisture0","2017-06-19 01:40:22.328985","1024"
"tele/soil/pot0/temp0","2017-06-19 01:50:08.718699","-127.00"
"tele/soil/pot0/moisture0","2017-06-19 01:50:08.768516","1024"
"tele/soil/pot0/temp0","2017-06-19 01:59:54.956271","-127.00"
"tele/soil/pot0/moisture0","2017-06-19 01:59:55.003000","1024"
"tele/soil/pot0/temp0","2017-06-19 02:09:41.506332","-127.00"
"tele/soil/pot0/moisture0","2017-06-19 02:09:41.553952","1024"
"tele/soil/pot0/temp0","2017-06-19 02:19:31.132587","-127.00"
"tele/soil/pot0/moisture0","2017-06-19 02:19:31.182298","1024"
"tele/soil/pot0/temp0","2017-06-19 02:29:13.488865","-127.00"
"tele/soil/pot0/moisture0","2017-06-19 02:29:13.575481","1024"
"tele/soil/pot0/temp0","2017-06-19 02:38:59.856353","-127.00"
"tele/soil/pot0/moisture0","2017-06-19 02:38:59.997840","1024"
"tele/soil/pot0/temp0","2017-06-19 02:48:46.397107","-127.00"
"tele/soil/pot0/moisture0","2017-06-19 02:48:46.444261","1024"
"tele/soil/pot0/temp0","2017-06-19 02:58:32.934807","-127.00"
"tele/soil/pot0/moisture0","2017-06-19 02:58:32.989049","1024"
"tele/soil/pot0/temp0","2017-06-19 03:08:19.696586","-127.00"
"tele/soil/pot0/moisture0","2017-06-19 03:08:19.742146","1024"
"tele/soil/pot0/temp0","2017-06-19 03:18:06.135668","-127.00"
"tele/soil/pot0/moisture0","2017-06-19 03:18:06.188076","1024"
"tele/soil/pot0/temp0","2017-06-19 03:27:52.398881","-127.00"
"tele/soil/pot0/moisture0","2017-06-19 03:27:52.443895","1024"
"tele/soil/pot0/temp0","2017-06-19 03:37:38.845308","-127.00"
"tele/soil/pot0/moisture0","2017-06-19 03:37:38.899196","1024"
"tele/soil/pot0/temp0","2017-06-19 03:47:27.295037","-127.00"
"tele/soil/pot0/moisture0","2017-06-19 03:47:27.342260","1024"
"tele/soil/pot0/temp0","2017-06-19 03:57:13.346955","-127.00"
"tele/soil/pot0/moisture0","2017-06-19 03:57:13.397389","1024"
"tele/soil/pot0/temp0","2017-06-19 04:07:00.084657","-127.00"
"tele/soil/pot0/moisture0","2017-06-19 04:07:00.156042","1024"
"tele/soil/pot0/temp0","2017-06-19 04:16:43.055437","-127.00"
"tele/soil/pot0/moisture0","2017-06-19 04:16:43.101389","1024"
"tele/soil/pot0/temp0","2017-06-19 04:26:29.498858","-127.00"
"tele/soil/pot0/moisture0","2017-06-19 04:26:29.554706","1024"
"tele/soil/pot0/temp0","2017-06-19 04:36:16.295769","-127.00"
"tele/soil/pot0/moisture0","2017-06-19 04:36:16.379768","1024"
"tele/soil/pot0/temp0","2017-06-19 04:46:02.707707","-127.00"
"tele/soil/pot0/moisture0","2017-06-19 04:46:02.753267","1024"
"tele/soil/pot0/temp0","2017-06-19 04:55:49.047054","-127.00"
"tele/soil/pot0/moisture0","2017-06-19 04:55:49.102373","1024"
"tele/soil/pot0/temp0","2017-06-19 05:05:34.968860","-127.00"
"tele/soil/pot0/moisture0","2017-06-19 05:05:35.033116","1024"
"tele/soil/pot0/temp0","2017-06-19 05:15:21.310453","-127.00"
"tele/soil/pot0/moisture0","2017-06-19 05:15:21.372866","1024"
"tele/soil/pot0/temp0","2017-06-19 05:25:07.763092","-127.00"
"tele/soil/pot0/moisture0","2017-06-19 05:25:07.861137","1024"
"tele/soil/pot0/temp0","2017-06-19 05:34:53.699631","-127.00"
"tele/soil/pot0/moisture0","2017-06-19 05:34:53.749695","1024"
"tele/soil/pot0/temp0","2017-06-19 05:44:40.456662","-127.00"
"tele/soil/pot0/moisture0","2017-06-19 05:44:40.588481","1024"
"tele/soil/pot0/temp0","2017-06-19 05:54:27.859196","-127.00"
"tele/soil/pot0/moisture0","2017-06-19 05:54:27.933411","1024"
"tele/soil/pot0/temp0","2017-06-19 06:04:07.807431","-127.00"
"tele/soil/pot0/moisture0","2017-06-19 06:04:07.862545","1024"
"tele/soil/pot0/temp0","2017-06-19 06:13:56.428260","-127.00"
"tele/soil/pot0/moisture0","2017-06-19 06:13:56.495623","1024"
"tele/soil/pot0/temp0","2017-06-19 06:23:40.210032","-127.00"
"tele/soil/pot0/moisture0","2017-06-19 06:23:40.314669","1024"
"tele/soil/pot0/temp0","2017-06-19 06:33:26.473890","-127.00"
"tele/soil/pot0/moisture0","2017-06-19 06:33:26.558985","1024"
"tele/soil/pot0/temp0","2017-06-19 06:43:12.604300","-127.00"
"tele/soil/pot0/moisture0","2017-06-19 06:43:12.659000","1024"
"tele/soil/pot0/temp0","2017-06-19 06:53:01.188426","-127.00"
"tele/soil/pot0/moisture0","2017-06-19 06:53:01.233232","1024"
"tele/soil/pot0/temp0","2017-06-19 07:02:45.194784","-127.00"
"tele/soil/pot0/moisture0","2017-06-19 07:02:45.265700","1024"
"tele/soil/pot0/temp0","2017-06-19 07:12:28.048094","-127.00"
"tele/soil/pot0/moisture0","2017-06-19 07:12:28.133428","1024"
"tele/soil/pot0/temp0","2017-06-19 07:22:20.010272","-127.00"
"tele/soil/pot0/moisture0","2017-06-19 07:22:20.063758","1024"
"tele/soil/pot0/temp0","2017-06-19 07:30:43.636630","-127.00"
"tele/soil/pot0/moisture0","2017-06-19 07:30:43.688431","1024"
"tele/soil/pot0/temp0","2017-06-19 07:40:26.993485","-127.00"
"tele/soil/pot0/moisture0","2017-06-19 07:40:27.047977","1024"
"tele/soil/pot0/temp0","2017-06-19 07:50:13.473494","-127.00"
"tele/soil/pot0/moisture0","2017-06-19 07:50:13.610282","1024"
"tele/soil/pot0/temp0","2017-06-19 07:59:59.996465","-127.00"
"tele/soil/pot0/moisture0","2017-06-19 08:00:00.046259","1024"
"tele/soil/pot0/temp0","2017-06-19 08:09:46.886781","-127.00"
"tele/soil/pot0/moisture0","2017-06-19 08:09:46.961418","1024"
"tele/soil/pot0/temp0","2017-06-19 08:16:56.489799","-127.00"
"tele/soil/pot0/moisture0","2017-06-19 08:16:56.597245","1024"
"tele/soil/pot0/temp0","2017-06-19 08:17:36.488483","-127.00"
"tele/soil/pot0/moisture0","2017-06-19 08:17:36.542642","1024"
"tele/soil/pot0/temp0","2017-06-19 08:27:18.266596","-127.00"
"tele/soil/pot0/moisture0","2017-06-19 08:27:18.317479","1024"
"tele/soil/pot0/temp0","2017-06-19 08:37:04.131641","-127.00"
"tele/soil/pot0/moisture0","2017-06-19 08:37:04.176856","1024"
"tele/soil/pot0/temp0","2017-06-19 08:46:50.479399","-127.00"
"tele/soil/pot0/moisture0","2017-06-19 08:46:50.559050","1024"
"tele/soil/pot0/temp0","2017-06-19 08:56:36.473774","-127.00"
"tele/soil/pot0/moisture0","2017-06-19 08:56:36.536334","1024"
"tele/soil/pot0/temp0","2017-06-19 09:06:22.918897","-127.00"
"tele/soil/pot0/moisture0","2017-06-19 09:06:22.972544","1024"
"tele/soil/pot0/temp0","2017-06-19 09:16:09.181290","-127.00"
"tele/soil/pot0/moisture0","2017-06-19 09:16:09.283723","1024"
"tele/soil/pot0/temp0","2017-06-19 09:25:55.416601","-127.00"
"tele/soil/pot0/moisture0","2017-06-19 09:25:55.465882","1024"
"tele/soil/pot0/temp0","2017-06-19 09:35:41.742515","-127.00"
"tele/soil/pot0/moisture0","2017-06-19 09:35:41.804781","1024"
"tele/soil/pot0/temp0","2017-06-19 09:45:27.886358","-127.00"
"tele/soil/pot0/moisture0","2017-06-19 09:45:27.937072","1024"
"tele/soil/pot0/temp0","2017-06-19 09:55:14.365153","-127.00"
"tele/soil/pot0/moisture0","2017-06-19 09:55:14.422971","1024"
"tele/soil/pot0/temp0","2017-06-19 10:05:00.787193","-127.00"
"tele/soil/pot0/moisture0","2017-06-19 10:05:00.877249","1024"
"tele/soil/pot0/temp0","2017-06-19 10:14:47.253734","-127.00"
"tele/soil/pot0/moisture0","2017-06-19 10:14:47.358577","1024"
"tele/soil/pot0/temp0","2017-06-19 10:24:33.887414","-127.00"
"tele/soil/pot0/moisture0","2017-06-19 10:24:34.003226","1024"
"tele/soil/pot0/temp0","2017-06-19 10:34:20.259100","-127.00"
"tele/soil/pot0/moisture0","2017-06-19 10:34:20.303851","1024"
"tele/soil/pot0/temp0","2017-06-19 10:44:08.522262","-127.00"
"tele/soil/pot0/moisture0","2017-06-19 10:44:08.569089","1024"
"tele/soil/pot0/temp0","2017-06-19 10:53:51.782670","-127.00"
"tele/soil/pot0/moisture0","2017-06-19 10:53:51.862871","1024"
"tele/soil/pot0/temp0","2017-06-19 11:03:37.806345","-127.00"
"tele/soil/pot0/moisture0","2017-06-19 11:03:37.893743","1024"
"tele/soil/pot0/temp0","2017-06-19 11:13:24.072016","-127.00"
"tele/soil/pot0/moisture0","2017-06-19 11:13:24.160440","1024"
"tele/soil/pot0/temp0","2017-06-19 11:23:10.631312","-127.00"
"tele/soil/pot0/moisture0","2017-06-19 11:23:10.700161","1024"
"tele/soil/pot0/temp0","2017-06-19 11:32:57.148332","-127.00"
"tele/soil/pot0/moisture0","2017-06-19 11:32:57.228967","1024"
"tele/soil/pot0/temp0","2017-06-19 11:42:43.289389","-127.00"
"tele/soil/pot0/moisture0","2017-06-19 11:42:43.386881","1024"
"tele/soil/pot0/temp0","2017-06-19 11:52:29.749245","-127.00"
"tele/soil/pot0/moisture0","2017-06-19 11:52:29.805126","1024"
"tele/soil/pot0/temp0","2017-06-19 12:02:16.179044","-127.00"
"tele/soil/pot0/moisture0","2017-06-19 12:02:16.244937","1024"
"tele/soil/pot0/temp0","2017-06-19 12:12:04.885064","-127.00"
"tele/soil/pot0/moisture0","2017-06-19 12:12:04.954901","1024"
"tele/soil/pot0/temp0","2017-06-19 12:21:47.857915","-127.00"
"tele/soil/pot0/moisture0","2017-06-19 12:21:47.904009","1024"
"tele/soil/pot0/temp0","2017-06-19 12:31:33.154062","-127.00"
"tele/soil/pot0/moisture0","2017-06-19 12:31:33.231862","1024"
"tele/soil/pot0/temp0","2017-06-19 12:41:19.473806","-127.00"
"tele/soil/pot0/moisture0","2017-06-19 12:41:19.530882","1024"
"tele/soil/pot0/temp0","2017-06-19 12:51:05.435326","-127.00"
"tele/soil/pot0/moisture0","2017-06-19 12:51:05.492263","1024"
"tele/soil/pot0/temp0","2017-06-19 13:00:51.273972","-127.00"
"tele/soil/pot0/moisture0","2017-06-19 13:00:51.322156","1024"
"tele/soil/pot0/temp0","2017-06-19 13:10:37.757183","-127.00"
"tele/soil/pot0/moisture0","2017-06-19 13:10:37.806530","1024"
"tele/soil/pot0/temp0","2017-06-19 13:20:23.562648","-127.00"
"tele/soil/pot0/moisture0","2017-06-19 13:20:23.674290","1024"
"tele/soil/pot0/temp0","2017-06-19 13:30:09.894211","-127.00"
"tele/soil/pot0/moisture0","2017-06-19 13:30:09.982122","1024"
"tele/soil/pot0/temp0","2017-06-19 13:39:56.163082","-127.00"
"tele/soil/pot0/moisture0","2017-06-19 13:39:56.213831","1024"
"tele/soil/pot0/temp0","2017-06-19 13:49:42.497443","-127.00"
"tele/soil/pot0/moisture0","2017-06-19 13:49:42.544241","1024"
"tele/soil/pot0/temp0","2017-06-19 13:59:31.214639","-127.00"
"tele/soil/pot0/moisture0","2017-06-19 13:59:31.300582","1024"
"tele/soil/pot0/temp0","2017-06-19 14:09:15.284736","-127.00"
"tele/soil/pot0/moisture0","2017-06-19 14:09:15.335634","1024"
"tele/soil/pot0/temp0","2017-06-19 14:19:02.522672","-127.00"
"tele/soil/pot0/moisture0","2017-06-19 14:19:02.573248","1024"
"tele/soil/pot0/temp0","2017-06-19 14:28:47.535769","-127.00"
"tele/soil/pot0/moisture0","2017-06-19 14:28:47.582559","1024"
"tele/soil/pot0/temp0","2017-06-19 14:38:33.794060","-127.00"
"tele/soil/pot0/moisture0","2017-06-19 14:38:33.844113","1024"
"tele/soil/pot0/temp0","2017-06-19 14:48:20.741237","-127.00"
"tele/soil/pot0/moisture0","2017-06-19 14:48:20.863170","1024"
"tele/soil/pot0/temp0","2017-06-19 14:58:12.622402","-127.00"
"tele/soil/pot0/moisture0","2017-06-19 14:58:12.734321","1024"
"tele/soil/pot0/temp0","2017-06-19 15:07:56.107229","-127.00"
"tele/soil/pot0/moisture0","2017-06-19 15:07:56.174482","1024"
"tele/soil/pot0/temp0","2017-06-19 15:17:38.695380","-127.00"
"tele/soil/pot0/moisture0","2017-06-19 15:17:38.746795","1024"
"tele/soil/pot0/temp0","2017-06-19 15:27:26.857396","-127.00"
"tele/soil/pot0/moisture0","2017-06-19 15:27:26.928060","1024"
"tele/soil/pot0/temp0","2017-06-19 15:37:09.798937","-127.00"
"tele/soil/pot0/moisture0","2017-06-19 15:37:09.855700","1024"
"tele/soil/pot0/temp0","2017-06-19 15:46:55.842824","-127.00"
"tele/soil/pot0/moisture0","2017-06-19 15:46:55.925481","1024"
"tele/soil/pot0/temp0","2017-06-19 15:56:41.552984","-127.00"
"tele/soil/pot0/moisture0","2017-06-19 15:56:41.666126","1024"
"tele/soil/pot0/temp0","2017-06-19 16:06:28.446027","-127.00"
"tele/soil/pot0/moisture0","2017-06-19 16:06:28.524872","1024"
"tele/soil/pot0/temp0","2017-06-19 16:16:16.189481","-127.00"
"tele/soil/pot0/moisture0","2017-06-19 16:16:16.262219","1024"
"tele/soil/pot0/temp0","2017-06-19 16:25:59.059081","-127.00"
"tele/soil/pot0/moisture0","2017-06-19 16:25:59.099837","1024"
"tele/soil/pot0/temp0","2017-06-19 16:35:46.321286","-127.00"
"tele/soil/pot0/moisture0","2017-06-19 16:35:46.372745","1024"
"tele/soil/pot0/temp0","2017-06-19 16:45:31.142164","-127.00"
"tele/soil/pot0/moisture0","2017-06-19 16:45:31.201979","1024"
"tele/soil/pot0/temp0","2017-06-19 16:55:20.050224","-127.00"
"tele/soil/pot0/moisture0","2017-06-19 16:55:20.105439","1024"
"tele/soil/pot0/temp0","2017-06-19 17:05:03.045714","-127.00"
"tele/soil/pot0/moisture0","2017-06-19 17:05:03.101559","1024"
"tele/soil/pot0/temp0","2017-06-19 17:14:48.943713","-127.00"
"tele/soil/pot0/moisture0","2017-06-19 17:14:49.076822","1024"
"tele/soil/pot0/temp0","2017-06-19 17:24:35.592305","-127.00"
"tele/soil/pot0/moisture0","2017-06-19 17:24:35.694960","1024"
"tele/soil/pot0/temp0","2017-06-19 17:34:22.231784","-127.00"
"tele/soil/pot0/moisture0","2017-06-19 17:34:22.279584","1024"
"tele/soil/pot0/temp0","2017-06-19 17:44:08.988484","-127.00"
"tele/soil/pot0/moisture0","2017-06-19 17:44:09.048429","1024"
"tele/soil/pot0/temp0","2017-06-19 17:53:57.585446","-127.00"
"tele/soil/pot0/moisture0","2017-06-19 17:53:57.636071","1024"
"tele/soil/pot0/temp0","2017-06-19 18:03:43.834804","-127.00"
"tele/soil/pot0/moisture0","2017-06-19 18:03:43.895482","1024"
"tele/soil/pot0/temp0","2017-06-19 18:13:30.058687","-127.00"
"tele/soil/pot0/moisture0","2017-06-19 18:13:30.130685","1024"
"tele/soil/pot0/temp0","2017-06-19 18:23:11.905206","-127.00"
"tele/soil/pot0/moisture0","2017-06-19 18:23:11.967848","1024"
"tele/soil/pot0/temp0","2017-06-19 18:32:57.540225","-127.00"
"tele/soil/pot0/moisture0","2017-06-19 18:32:57.597015","1024"
"tele/soil/pot0/temp0","2017-06-19 18:42:43.760589","-127.00"
"tele/soil/pot0/moisture0","2017-06-19 18:42:43.824004","1024"
"tele/soil/pot0/temp0","2017-06-19 18:52:30.206065","-127.00"
"tele/soil/pot0/moisture0","2017-06-19 18:52:30.260496","1024"
"tele/soil/pot0/temp0","2017-06-19 19:02:19.254348","-127.00"
"tele/soil/pot0/moisture0","2017-06-19 19:02:19.307809","1024"
"tele/soil/pot0/temp0","2017-06-19 19:12:02.224442","-127.00"
"tele/soil/pot0/moisture0","2017-06-19 19:12:02.274220","1024"
"tele/soil/pot0/temp0","2017-06-19 19:21:48.211347","-127.00"
"tele/soil/pot0/moisture0","2017-06-19 19:21:48.263686","1024"
"tele/soil/pot0/temp0","2017-06-19 19:31:34.041525","-127.00"
"tele/soil/pot0/moisture0","2017-06-19 19:31:34.103928","1024"
"tele/soil/pot0/temp0","2017-06-19 19:41:20.440273","-127.00"
"tele/soil/pot0/moisture0","2017-06-19 19:41:20.496938","1024"
"tele/soil/pot0/temp0","2017-06-19 19:51:06.445279","-127.00"
"tele/soil/pot0/moisture0","2017-06-19 19:51:06.534630","1024"
"tele/soil/pot0/temp0","2017-06-19 20:00:52.463460","-127.00"
"tele/soil/pot0/moisture0","2017-06-19 20:00:52.535065","1024"
"tele/soil/pot0/temp0","2017-06-19 20:10:38.600756","-127.00"
"tele/soil/pot0/moisture0","2017-06-19 20:10:38.714464","1024"
"tele/soil/pot0/temp0","2017-06-19 20:20:29.452474","-127.00"
"tele/soil/pot0/moisture0","2017-06-19 20:20:29.502698","1024"
"tele/soil/pot0/temp0","2017-06-19 20:30:11.042795","-127.00"
"tele/soil/pot0/moisture0","2017-06-19 20:30:11.108741","1024"
"tele/soil/pot0/temp0","2017-06-19 20:39:57.734137","-127.00"
"tele/soil/pot0/moisture0","2017-06-19 20:39:57.783507","1024"
"tele/soil/pot0/temp0","2017-06-19 20:49:44.103555","-127.00"
"tele/soil/pot0/moisture0","2017-06-19 20:49:44.185903","1024"
"tele/soil/pot0/temp0","2017-06-19 20:59:29.924148","-127.00"
"tele/soil/pot0/moisture0","2017-06-19 20:59:29.974264","1024"
"tele/soil/pot0/temp0","2017-06-19 21:09:16.777817","-127.00"
"tele/soil/pot0/moisture0","2017-06-19 21:09:16.985185","1024"
"tele/soil/pot0/temp0","2017-06-19 21:19:04.466117","-127.00"
"tele/soil/pot0/moisture0","2017-06-19 21:19:04.552506","1024"
"tele/soil/pot0/temp0","2017-06-19 21:28:47.859037","-127.00"
"tele/soil/pot0/moisture0","2017-06-19 21:28:47.907823","1024"
"tele/soil/pot0/temp0","2017-06-19 21:34:56.659506","-127.00"
"tele/soil/pot0/moisture0","2017-06-19 21:34:56.741163","1024"
"tele/soil/pot0/temp0","2017-06-19 21:44:40.436344","-127.00"
"tele/soil/pot0/moisture0","2017-06-19 21:44:40.483236","1024"
"tele/soil/pot0/temp0","2017-06-19 21:54:27.007543","-127.00"
"tele/soil/pot0/moisture0","2017-06-19 21:54:27.081683","1024"
"tele/soil/pot0/temp0","2017-06-19 22:04:16.558393","-127.00"
"tele/soil/pot0/moisture0","2017-06-19 22:04:16.604694","1024"
"tele/soil/pot0/temp0","2017-06-19 22:13:58.760425","-127.00"
"tele/soil/pot0/moisture0","2017-06-19 22:13:58.816544","1024"
"tele/soil/pot0/temp0","2017-06-19 22:23:45.122912","-127.00"
"tele/soil/pot0/moisture0","2017-06-19 22:23:45.176989","1024"
"tele/soil/pot0/temp0","2017-06-19 22:33:31.275575","-127.00"
"tele/soil/pot0/moisture0","2017-06-19 22:33:31.335539","1024"
"tele/soil/pot0/temp0","2017-06-19 22:43:17.367991","-127.00"
"tele/soil/pot0/moisture0","2017-06-19 22:43:17.414682","1024"
"tele/soil/pot0/temp0","2017-06-19 22:53:03.821006","-127.00"
"tele/soil/pot0/moisture0","2017-06-19 22:53:03.872213","1024"
"tele/soil/pot0/temp0","2017-06-19 23:02:52.114521","-127.00"
"tele/soil/pot0/moisture0","2017-06-19 23:02:52.206480","1024"
"tele/soil/pot0/temp0","2017-06-19 23:12:35.793671","-127.00"
"tele/soil/pot0/moisture0","2017-06-19 23:12:35.896419","1024"
"tele/soil/pot0/temp0","2017-06-19 23:22:21.447555","-127.00"
"tele/soil/pot0/moisture0","2017-06-19 23:22:21.544188","1024"
"tele/soil/pot0/temp0","2017-06-19 23:23:34.538599","-127.00"
"tele/soil/pot0/moisture0","2017-06-19 23:23:34.590772","1024"
"tele/soil/pot0/temp0","2017-06-19 23:23:54.289220","-127.00"
"tele/soil/pot0/moisture0","2017-06-19 23:23:54.354520","5"
"tele/soil/pot0/temp0","2017-06-19 23:24:14.167167","-127.00"
"tele/soil/pot0/moisture0","2017-06-19 23:24:14.215323","800"
"tele/soil/pot0/temp0","2017-06-19 23:24:29.110808","-127.00"
"tele/soil/pot0/moisture0","2017-06-19 23:24:29.168214","696"
"tele/soil/pot0/temp0","2017-06-19 23:24:41.699544","-127.00"
"tele/soil/pot0/moisture0","2017-06-19 23:24:41.788138","712"
"tele/soil/pot0/temp0","2017-06-19 23:25:10.190030","-127.00"
"tele/soil/pot0/moisture0","2017-06-19 23:25:10.244253","600"
"tele/soil/pot0/temp0","2017-06-19 23:25:36.308860","-127.00"
"tele/soil/pot0/moisture0","2017-06-19 23:25:36.363291","537"
"tele/soil/pot0/temp0","2017-06-19 23:35:20.698683","-127.00"
"tele/soil/pot0/moisture0","2017-06-19 23:35:20.787103","415"
"tele/soil/pot0/temp0","2017-06-19 23:45:01.401336","-127.00"
"tele/soil/pot0/moisture0","2017-06-19 23:45:01.493434","380"
"tele/soil/pot0/temp0","2017-06-19 23:48:19.851227","-127.00"
"tele/soil/pot0/moisture0","2017-06-19 23:48:19.903611","374"
"tele/soil/pot0/temp0","2017-06-19 23:49:08.082219","-127.00"
"tele/soil/pot0/moisture0","2017-06-19 23:49:08.132509","230"
"tele/soil/pot0/temp0","2017-06-19 23:50:00.708022","-127.00"
"tele/soil/pot0/moisture0","2017-06-19 23:50:00.770972","936"
"tele/soil/pot0/temp0","2017-06-19 23:50:23.683488","-127.00"
"tele/soil/pot0/moisture0","2017-06-19 23:50:23.772556","976"
"tele/soil/pot0/temp0","2017-06-20 00:00:04.826634","-127.00"
"tele/soil/pot0/moisture0","2017-06-20 00:00:04.874533","989"
"tele/soil/pot0/temp0","2017-06-20 00:09:52.655926","-127.00"
"tele/soil/pot0/moisture0","2017-06-20 00:09:52.736950","968"
"tele/soil/pot0/temp0","2017-06-20 00:19:36.544969","-127.00"
"tele/soil/pot0/moisture0","2017-06-20 00:19:36.732421","950"
"tele/soil/pot0/temp0","2017-06-20 00:29:22.698668","-127.00"
"tele/soil/pot0/moisture0","2017-06-20 00:29:22.764743","928"
"tele/soil/pot0/temp0","2017-06-20 00:39:08.224620","-127.00"
"tele/soil/pot0/moisture0","2017-06-20 00:39:08.300484","891"
"tele/soil/pot0/temp0","2017-06-20 00:48:55.888507","-127.00"
"tele/soil/pot0/moisture0","2017-06-20 00:48:55.937880","848"
"tele/soil/pot0/temp0","2017-06-20 00:58:39.161277","-127.00"
"tele/soil/pot0/moisture0","2017-06-20 00:58:39.220725","807"
"tele/soil/pot0/temp0","2017-06-20 01:08:25.679817","-127.00"
"tele/soil/pot0/moisture0","2017-06-20 01:08:25.734460","778"
"tele/soil/pot0/temp0","2017-06-20 01:18:12.433279","-127.00"
"tele/soil/pot0/moisture0","2017-06-20 01:18:12.485715","753"
"tele/soil/pot0/temp0","2017-06-20 01:27:59.194994","-127.00"
"tele/soil/pot0/moisture0","2017-06-20 01:27:59.239005","722"
"tele/soil/pot0/temp0","2017-06-20 01:37:48.098636","-127.00"
"tele/soil/pot0/moisture0","2017-06-20 01:37:48.177214","707"
"tele/soil/pot0/temp0","2017-06-20 01:47:31.165448","-127.00"
"tele/soil/pot0/moisture0","2017-06-20 01:47:31.238749","694"
"tele/soil/pot0/temp0","2017-06-20 01:57:18.015964","-127.00"
"tele/soil/pot0/moisture0","2017-06-20 01:57:18.069917","684"
"tele/soil/pot0/temp0","2017-06-20 02:07:04.554669","-127.00"
"tele/soil/pot0/moisture0","2017-06-20 02:07:04.619402","679"
"tele/soil/pot0/temp0","2017-06-20 02:16:51.432537","-127.00"
"tele/soil/pot0/moisture0","2017-06-20 02:16:51.538469","671"
"tele/soil/pot0/temp0","2017-06-20 02:26:37.761608","-127.00"
"tele/soil/pot0/moisture0","2017-06-20 02:26:37.833106","659"
"tele/soil/pot0/temp0","2017-06-20 02:36:24.351522","-127.00"
"tele/soil/pot0/moisture0","2017-06-20 02:36:24.457741","647"
"tele/soil/pot0/temp0","2017-06-20 02:46:11.808915","-127.00"
"tele/soil/pot0/moisture0","2017-06-20 02:46:11.902180","631"
"tele/soil/pot0/temp0","2017-06-20 02:55:56.281949","-127.00"
"tele/soil/pot0/moisture0","2017-06-20 02:55:56.336692","626"
"tele/soil/pot0/temp0","2017-06-20 03:05:43.563704","-127.00"
"tele/soil/pot0/moisture0","2017-06-20 03:05:43.658790","617"
"tele/soil/pot0/temp0","2017-06-20 03:15:28.909598","-127.00"
"tele/soil/pot0/moisture0","2017-06-20 03:15:28.964749","613"
"tele/soil/pot0/temp0","2017-06-20 03:25:15.030059","-127.00"
"tele/soil/pot0/moisture0","2017-06-20 03:25:15.084823","608"
"tele/soil/pot0/temp0","2017-06-20 03:35:01.258659","-127.00"
"tele/soil/pot0/moisture0","2017-06-20 03:35:01.305996","607"
"tele/soil/pot0/temp0","2017-06-20 03:44:49.757255","-127.00"
"tele/soil/pot0/moisture0","2017-06-20 03:44:49.803709","603"
"tele/soil/pot0/temp0","2017-06-20 03:54:32.036523","-127.00"
"tele/soil/pot0/moisture0","2017-06-20 03:54:32.099443","603"
"tele/soil/pot0/temp0","2017-06-20 04:04:18.124251","-127.00"
"tele/soil/pot0/moisture0","2017-06-20 04:04:18.181900","599"
"tele/soil/pot0/temp0","2017-06-20 04:14:06.524017","-127.00"
"tele/soil/pot0/moisture0","2017-06-20 04:14:06.571120","599"
"tele/soil/pot0/temp0","2017-06-20 04:23:50.210753","-127.00"
"tele/soil/pot0/moisture0","2017-06-20 04:23:50.264780","602"
"tele/soil/pot0/temp0","2017-06-20 04:33:38.478864","-127.00"
"tele/soil/pot0/moisture0","2017-06-20 04:33:38.534059","601"
"tele/soil/pot0/temp0","2017-06-20 04:43:22.059921","-127.00"
"tele/soil/pot0/moisture0","2017-06-20 04:43:22.112207","604"
"tele/soil/pot0/temp0","2017-06-20 04:53:09.036399","-127.00"
"tele/soil/pot0/moisture0","2017-06-20 04:53:09.086269","608"
"tele/soil/pot0/temp0","2017-06-20 05:02:54.746307","-127.00"
"tele/soil/pot0/moisture0","2017-06-20 05:02:54.821719","608"
"tele/soil/pot0/temp0","2017-06-20 05:12:43.961743","-127.00"
"tele/soil/pot0/moisture0","2017-06-20 05:12:44.015501","610"
"tele/soil/pot0/temp0","2017-06-20 05:22:29.716887","-127.00"
"tele/soil/pot0/moisture0","2017-06-20 05:22:29.819507","616"
"tele/soil/pot0/temp0","2017-06-20 05:32:12.348745","-127.00"
"tele/soil/pot0/moisture0","2017-06-20 05:32:12.472698","615"
"tele/soil/pot0/temp0","2017-06-20 05:41:58.444234","-127.00"
"tele/soil/pot0/moisture0","2017-06-20 05:41:58.509749","619"
"tele/soil/pot0/temp0","2017-06-20 05:51:44.457957","-127.00"
"tele/soil/pot0/moisture0","2017-06-20 05:51:44.503793","622"
"tele/soil/pot0/temp0","2017-06-20 06:01:30.478256","-127.00"
"tele/soil/pot0/moisture0","2017-06-20 06:01:30.538366","626"
"tele/soil/pot0/temp0","2017-06-20 06:11:19.161995","-127.00"
"tele/soil/pot0/moisture0","2017-06-20 06:11:19.231814","627"
"tele/soil/pot0/temp0","2017-06-20 06:21:04.174339","-127.00"
"tele/soil/pot0/moisture0","2017-06-20 06:21:04.224227","631"
"tele/soil/pot0/temp0","2017-06-20 06:30:47.976371","-127.00"
"tele/soil/pot0/moisture0","2017-06-20 06:30:48.034148","634"
"tele/soil/pot0/temp0","2017-06-20 06:40:33.942334","-127.00"
"tele/soil/pot0/moisture0","2017-06-20 06:40:33.995751","632"
"tele/soil/pot0/temp0","2017-06-20 06:50:19.436961","-127.00"
"tele/soil/pot0/moisture0","2017-06-20 06:50:19.536590","630"
"tele/soil/pot0/temp0","2017-06-20 07:00:05.686232","-127.00"
"tele/soil/pot0/moisture0","2017-06-20 07:00:05.775110","627"
"tele/soil/pot0/temp0","2017-06-20 07:09:52.615992","-127.00"
"tele/soil/pot0/moisture0","2017-06-20 07:09:52.663929","623"
"tele/soil/pot0/temp0","2017-06-20 07:19:44.066704","-127.00"
"tele/soil/pot0/moisture0","2017-06-20 07:19:44.171081","605"
"tele/soil/pot0/temp0","2017-06-20 07:29:26.066542","-127.00"
"tele/soil/pot0/moisture0","2017-06-20 07:29:26.112498","579"
"tele/soil/pot0/temp0","2017-06-20 07:39:10.112044","-127.00"
"tele/soil/pot0/moisture0","2017-06-20 07:39:10.170578","560"
"tele/soil/pot0/temp0","2017-06-20 07:48:56.554006","-127.00"
"tele/soil/pot0/moisture0","2017-06-20 07:48:56.601688","552"
"tele/soil/pot0/temp0","2017-06-20 07:58:43.128991","-127.00"
"tele/soil/pot0/moisture0","2017-06-20 07:58:43.175831","552"
"tele/soil/pot0/temp0","2017-06-20 08:08:28.013986","-127.00"
"tele/soil/pot0/moisture0","2017-06-20 08:08:28.138076","536"
"tele/soil/pot0/temp0","2017-06-20 08:18:17.020546","-127.00"
"tele/soil/pot0/moisture0","2017-06-20 08:18:17.067439","531"
"tele/soil/pot0/temp0","2017-06-20 08:27:59.873640","-127.00"
"tele/soil/pot0/moisture0","2017-06-20 08:27:59.938439","528"
"tele/soil/pot0/temp0","2017-06-20 08:37:46.115674","-127.00"
"tele/soil/pot0/moisture0","2017-06-20 08:37:46.209119","522"
"tele/soil/pot0/temp0","2017-06-20 08:47:34.814675","-127.00"
"tele/soil/pot0/moisture0","2017-06-20 08:47:34.893843","515"
"tele/soil/pot0/temp0","2017-06-20 08:57:20.739920","-127.00"
"tele/soil/pot0/moisture0","2017-06-20 08:57:20.849607","512"
"tele/soil/pot0/temp0","2017-06-20 09:07:06.794440","-127.00"
"tele/soil/pot0/moisture0","2017-06-20 09:07:06.909701","510"
"tele/soil/pot0/temp0","2017-06-20 09:16:49.856095","-127.00"
"tele/soil/pot0/moisture0","2017-06-20 09:16:49.936183","505"
"tele/soil/pot0/temp0","2017-06-20 09:26:36.210185","-127.00"
"tele/soil/pot0/moisture0","2017-06-20 09:26:36.320717","505"
"tele/soil/pot0/temp0","2017-06-20 09:36:22.556542","-127.00"
"tele/soil/pot0/moisture0","2017-06-20 09:36:22.637193","502"
"tele/soil/pot0/temp0","2017-06-20 09:46:08.796131","-127.00"
"tele/soil/pot0/moisture0","2017-06-20 09:46:08.893691","497"
"tele/soil/pot0/temp0","2017-06-20 09:55:55.135566","-127.00"
"tele/soil/pot0/moisture0","2017-06-20 09:55:55.237995","489"
"tele/soil/pot0/temp0","2017-06-20 10:05:41.481959","-127.00"
"tele/soil/pot0/moisture0","2017-06-20 10:05:41.579408","491"
"tele/soil/pot0/temp0","2017-06-20 10:15:27.538984","-127.00"
"tele/soil/pot0/moisture0","2017-06-20 10:15:27.623605","484"
"tele/soil/pot0/temp0","2017-06-20 10:25:13.360613","-127.00"
"tele/soil/pot0/moisture0","2017-06-20 10:25:13.444701","480"
"tele/soil/pot0/temp0","2017-06-20 10:34:59.584768","-127.00"
"tele/soil/pot0/moisture0","2017-06-20 10:34:59.636784","477"
"tele/soil/pot0/temp0","2017-06-20 10:44:46.147007","-127.00"
"tele/soil/pot0/moisture0","2017-06-20 10:44:46.234239","474"
"tele/soil/pot0/temp0","2017-06-20 10:54:30.209000","-127.00"
"tele/soil/pot0/moisture0","2017-06-20 10:54:30.272656","473"
"tele/soil/pot0/temp0","2017-06-20 11:04:20.807868","-127.00"
"tele/soil/pot0/moisture0","2017-06-20 11:04:20.868835","475"
"tele/soil/pot0/temp0","2017-06-20 11:14:03.172545","-127.00"
"tele/soil/pot0/moisture0","2017-06-20 11:14:03.277838","470"
"tele/soil/pot0/temp0","2017-06-20 11:23:48.732899","-127.00"
"tele/soil/pot0/moisture0","2017-06-20 11:23:48.816690","465"
"tele/soil/pot0/temp0","2017-06-20 11:33:34.870348","-127.00"
"tele/soil/pot0/moisture0","2017-06-20 11:33:34.932289","460"
"tele/soil/pot0/temp0","2017-06-20 11:43:20.909076","-127.00"
"tele/soil/pot0/moisture0","2017-06-20 11:43:20.964127","455"
"tele/soil/pot0/temp0","2017-06-20 11:53:07.202766","-127.00"
"tele/soil/pot0/moisture0","2017-06-20 11:53:07.288574","433"
"tele/soil/pot0/temp0","2017-06-20 12:02:53.704742","-127.00"
"tele/soil/pot0/moisture0","2017-06-20 12:02:53.774778","410"
"tele/soil/pot0/temp0","2017-06-20 12:12:39.240422","-127.00"
"tele/soil/pot0/moisture0","2017-06-20 12:12:39.316106","391"
"tele/soil/pot0/temp0","2017-06-20 12:22:25.463270","-127.00"
"tele/soil/pot0/moisture0","2017-06-20 12:22:25.524523","188"
"tele/soil/pot0/temp0","2017-06-20 12:32:12.182761","-127.00"
"tele/soil/pot0/moisture0","2017-06-20 12:32:12.244741","137"
"tele/soil/pot0/temp0","2017-06-20 12:42:00.926622","-127.00"
"tele/soil/pot0/moisture0","2017-06-20 12:42:00.977991","300"
"tele/soil/pot0/temp0","2017-06-20 12:51:42.861506","-127.00"
"tele/soil/pot0/moisture0","2017-06-20 12:51:42.912713","108"
"tele/soil/pot0/temp0","2017-06-20 13:01:29.029357","-127.00"
"tele/soil/pot0/moisture0","2017-06-20 13:01:29.072651","98"
"tele/soil/pot0/temp0","2017-06-20 13:11:16.767473","-127.00"
"tele/soil/pot0/moisture0","2017-06-20 13:11:16.838700","113"
"tele/soil/pot0/temp0","2017-06-20 13:21:01.054622","-127.00"
"tele/soil/pot0/moisture0","2017-06-20 13:21:01.101813","100"
"tele/soil/pot0/temp0","2017-06-20 13:30:47.407059","-127.00"
"tele/soil/pot0/moisture0","2017-06-20 13:30:47.469268","115"
"tele/soil/pot0/temp0","2017-06-20 13:40:34.012559","-127.00"
"tele/soil/pot0/moisture0","2017-06-20 13:40:34.077096","106"
"tele/soil/pot0/temp0","2017-06-20 13:50:26.149397","-127.00"
"tele/soil/pot0/moisture0","2017-06-20 13:50:26.265081","95"
"tele/soil/pot0/temp0","2017-06-20 14:00:06.753233","-127.00"
"tele/soil/pot0/moisture0","2017-06-20 14:00:06.803541","192"
"tele/soil/pot0/temp0","2017-06-20 14:09:52.683479","-127.00"
"tele/soil/pot0/moisture0","2017-06-20 14:09:52.744279","172"
"tele/soil/pot0/temp0","2017-06-20 14:19:39.256543","-127.00"
"tele/soil/pot0/moisture0","2017-06-20 14:19:39.319986","147"
"tele/soil/pot0/temp0","2017-06-20 14:29:24.953605","-127.00"
"tele/soil/pot0/moisture0","2017-06-20 14:29:25.004882","157"
"tele/soil/pot0/temp0","2017-06-20 14:39:17.241326","-127.00"
"tele/soil/pot0/moisture0","2017-06-20 14:39:17.312245","126"
"tele/soil/pot0/temp0","2017-06-20 14:48:57.858745","-127.00"
"tele/soil/pot0/moisture0","2017-06-20 14:48:57.906575","89"
"tele/soil/pot0/temp0","2017-06-20 14:58:45.319996","-127.00"
"tele/soil/pot0/moisture0","2017-06-20 14:58:45.375400","138"
"tele/soil/pot0/temp0","2017-06-20 15:08:29.245164","-127.00"
"tele/soil/pot0/moisture0","2017-06-20 15:08:29.302821","107"
"tele/soil/pot0/temp0","2017-06-20 15:18:15.064075","-127.00"
"tele/soil/pot0/moisture0","2017-06-20 15:18:15.119375","85"
"tele/soil/pot0/temp0","2017-06-20 15:28:01.534694","-127.00"
"tele/soil/pot0/moisture0","2017-06-20 15:28:01.593023","107"
"tele/soil/pot0/temp0","2017-06-20 15:37:49.488892","-127.00"
"tele/soil/pot0/moisture0","2017-06-20 15:37:49.607059","90"
"tele/soil/pot0/temp0","2017-06-20 15:47:32.964988","-127.00"
"tele/soil/pot0/moisture0","2017-06-20 15:47:33.021694","97"
"tele/soil/pot0/temp0","2017-06-20 15:57:25.322294","-127.00"
"tele/soil/pot0/moisture0","2017-06-20 15:57:25.382028","91"
"tele/soil/pot0/temp0","2017-06-20 16:07:05.627471","-127.00"
"tele/soil/pot0/moisture0","2017-06-20 16:07:05.725213","99"
"tele/soil/pot0/temp0","2017-06-20 16:16:51.553416","-127.00"
"tele/soil/pot0/moisture0","2017-06-20 16:16:51.617296","96"
"tele/soil/pot0/temp0","2017-06-20 16:26:37.839374","-127.00"
"tele/soil/pot0/moisture0","2017-06-20 16:26:37.916222","88"
"tele/soil/pot0/temp0","2017-06-20 16:36:26.601823","-127.00"
"tele/soil/pot0/moisture0","2017-06-20 16:36:26.651798","108"
"tele/soil/pot0/temp0","2017-06-20 16:46:10.145576","-127.00"
"tele/soil/pot0/moisture0","2017-06-20 16:46:10.202271","101"
"tele/soil/pot0/temp0","2017-06-20 16:55:58.093882","-127.00"
"tele/soil/pot0/moisture0","2017-06-20 16:55:58.141697","96"
"tele/soil/pot0/temp0","2017-06-20 17:05:41.739512","-127.00"
"tele/soil/pot0/moisture0","2017-06-20 17:05:41.792177","107"
"tele/soil/pot0/temp0","2017-06-20 17:15:28.703369","-127.00"
"tele/soil/pot0/moisture0","2017-06-20 17:15:28.753770","168"
"tele/soil/pot0/temp0","2017-06-20 17:25:16.589008","-127.00"
"tele/soil/pot0/moisture0","2017-06-20 17:25:16.635318","5"
"tele/soil/pot0/temp0","2017-06-20 17:28:29.233856","85.00"
"tele/soil/pot0/moisture0","2017-06-20 17:28:29.326483","1024"
"tele/soil/pot0/temp0","2017-06-20 17:38:20.476972","85.00"
"tele/soil/pot0/moisture0","2017-06-20 17:38:20.531873","1024"
"tele/soil/pot0/temp0","2017-06-20 17:48:02.223330","24.75"
"tele/soil/pot0/moisture0","2017-06-20 17:48:02.284157","1024"
"tele/soil/pot0/temp0","2017-06-20 17:57:54.025040","24.81"
"tele/soil/pot0/moisture0","2017-06-20 17:57:54.134300","1024"
"tele/soil/pot0/temp0","2017-06-20 18:07:34.831091","25.00"
"tele/soil/pot0/moisture0","2017-06-20 18:07:34.896984","1024"
"tele/soil/pot0/temp0","2017-06-20 18:17:20.856543","25.00"
"tele/soil/pot0/moisture0","2017-06-20 18:17:20.916592","1024"
"tele/soil/pot0/temp0","2017-06-20 18:27:06.397869","25.06"
"tele/soil/pot0/moisture0","2017-06-20 18:27:06.440441","1024"
"tele/soil/pot0/temp0","2017-06-20 18:36:52.511214","25.12"
"tele/soil/pot0/moisture0","2017-06-20 18:36:52.577309","1024"
"tele/soil/pot0/temp0","2017-06-20 18:46:36.638351","25.18"
"tele/soil/pot0/moisture0","2017-06-20 18:46:36.686084","1024"
"tele/soil/pot0/temp0","2017-06-20 18:56:21.650032","25.18"
"tele/soil/pot0/moisture0","2017-06-20 18:56:21.743720","1024"
"tele/soil/pot0/temp0","2017-06-20 19:06:05.790410","25.37"
"tele/soil/pot0/moisture0","2017-06-20 19:06:05.853200","1024"
"tele/soil/pot0/temp0","2017-06-20 19:15:49.282998","25.31"
"tele/soil/pot0/moisture0","2017-06-20 19:15:49.357983","1024"
"tele/soil/pot0/temp0","2017-06-20 19:25:35.009915","25.31"
"tele/soil/pot0/moisture0","2017-06-20 19:25:35.085763","1024"
"tele/soil/pot0/temp0","2017-06-20 19:35:20.569821","25.31"
"tele/soil/pot0/moisture0","2017-06-20 19:35:20.657145","1024"
"tele/soil/pot0/temp0","2017-06-20 19:45:06.769820","25.31"
"tele/soil/pot0/moisture0","2017-06-20 19:45:06.830698","1024"
"tele/soil/pot0/temp0","2017-06-20 19:54:51.513677","25.25"
"tele/soil/pot0/moisture0","2017-06-20 19:54:51.562198","1024"
"tele/soil/pot0/temp0","2017-06-20 20:04:36.590647","25.25"
"tele/soil/pot0/moisture0","2017-06-20 20:04:36.646274","1024"
"tele/soil/pot0/temp0","2017-06-20 20:14:24.060766","25.25"
"tele/soil/pot0/moisture0","2017-06-20 20:14:24.122540","1024"
"tele/soil/pot0/temp0","2017-06-20 20:24:06.857257","25.25"
"tele/soil/pot0/moisture0","2017-06-20 20:24:06.930748","1024"
"tele/soil/pot0/temp0","2017-06-20 20:33:52.815469","25.18"
"tele/soil/pot0/moisture0","2017-06-20 20:33:52.871968","1024"
"tele/soil/pot0/temp0","2017-06-20 20:43:38.321173","25.18"
"tele/soil/pot0/moisture0","2017-06-20 20:43:38.392597","1024"
"tele/soil/pot0/temp0","2017-06-21 07:59:52.586627","85.00"
"tele/soil/pot0/moisture0","2017-06-21 07:59:52.668051","444"
"tele/soil/pot0/temp0","2017-06-21 08:09:13.360059","22.06"
"tele/soil/pot0/moisture0","2017-06-21 08:09:13.407246","358"
"tele/soil/pot0/temp0","2017-06-21 08:18:54.879117","22.06"
"tele/soil/pot0/moisture0","2017-06-21 08:18:54.945429","312"
"tele/soil/pot0/temp0","2017-06-21 08:28:40.706332","22.06"
"tele/soil/pot0/moisture0","2017-06-21 08:28:40.773869","241"
"tele/soil/pot0/temp0","2017-06-21 08:38:26.970696","22.00"
"tele/soil/pot0/moisture0","2017-06-21 08:38:27.019337","662"
"tele/soil/pot0/temp0","2017-06-21 08:43:30.974711","85.00"
"tele/soil/pot0/moisture0","2017-06-21 08:43:31.057054","996"
"tele/soil/pot0/temp0","2017-06-21 08:53:15.916769","22.00"
"tele/soil/pot0/moisture0","2017-06-21 08:53:15.972523","665"
"tele/soil/pot0/temp0","2017-06-21 09:03:00.730623","22.00"
"tele/soil/pot0/moisture0","2017-06-21 09:03:00.785568","479"
"tele/soil/pot0/temp0","2017-06-21 09:12:46.866878","22.00"
"tele/soil/pot0/moisture0","2017-06-21 09:12:46.916783","219"
"tele/soil/pot0/temp0","2017-06-21 09:22:33.769312","22.00"
"tele/soil/pot0/moisture0","2017-06-21 09:22:33.814111","282"
"tele/soil/pot0/temp0","2017-06-21 09:32:20.675469","22.00"
"tele/soil/pot0/moisture0","2017-06-21 09:32:20.731458","225"
"tele/soil/pot0/temp0","2017-06-21 09:42:06.140102","21.93"
"tele/soil/pot0/moisture0","2017-06-21 09:42:06.384349","235"
"tele/soil/pot0/temp0","2017-06-21 09:51:51.014926","22.00"
"tele/soil/pot0/moisture0","2017-06-21 09:51:51.081493","209"
"tele/soil/pot0/temp0","2017-06-21 10:01:38.480745","21.93"
"tele/soil/pot0/moisture0","2017-06-21 10:01:38.548972","191"
"tele/soil/pot0/temp0","2017-06-21 10:11:22.909153","21.93"
"tele/soil/pot0/moisture0","2017-06-21 10:11:22.960277","196"
"tele/soil/pot0/temp0","2017-06-21 10:21:09.644281","21.93"
"tele/soil/pot0/moisture0","2017-06-21 10:21:09.705419","191"
"tele/soil/pot0/temp0","2017-06-21 10:30:55.208130","22.00"
"tele/soil/pot0/moisture0","2017-06-21 10:30:55.254765","403"
"tele/soil/pot0/temp0","2017-06-21 10:40:46.693495","22.00"
"tele/soil/pot0/moisture0","2017-06-21 10:40:46.742793","211"
"tele/soil/pot0/temp0","2017-06-21 10:50:28.539797","22.00"
"tele/soil/pot0/moisture0","2017-06-21 10:50:28.598289","311"
"tele/soil/pot0/temp0","2017-06-21 11:00:14.129860","22.00"
"tele/soil/pot0/moisture0","2017-06-21 11:00:14.202929","297"
"tele/soil/pot0/temp0","2017-06-21 11:10:00.204988","22.00"
"tele/soil/pot0/moisture0","2017-06-21 11:10:00.273365","167"
"tele/soil/pot0/temp0","2017-06-21 11:19:46.008107","22.06"
"tele/soil/pot0/moisture0","2017-06-21 11:19:46.086752","164"
"tele/soil/pot0/temp0","2017-06-21 11:29:32.520304","22.06"
"tele/soil/pot0/moisture0","2017-06-21 11:29:32.595481","160"
"tele/soil/pot0/temp0","2017-06-21 11:39:18.936810","22.06"
"tele/soil/pot0/moisture0","2017-06-21 11:39:18.998871","157"
"tele/soil/pot0/temp0","2017-06-21 11:49:04.447086","22.18"
"tele/soil/pot0/moisture0","2017-06-21 11:49:04.513349","530"
"tele/soil/pot0/temp0","2017-06-21 11:58:51.091767","22.25"
"tele/soil/pot0/moisture0","2017-06-21 11:58:51.135574","173"
"tele/soil/pot0/temp0","2017-06-21 12:08:37.560529","22.12"
"tele/soil/pot0/moisture0","2017-06-21 12:08:37.617281","134"
"tele/soil/pot0/temp0","2017-06-21 12:18:24.032721","22.18"
"tele/soil/pot0/moisture0","2017-06-21 12:18:24.095275","223"
"tele/soil/pot0/temp0","2017-06-21 12:28:12.033764","22.18"
"tele/soil/pot0/moisture0","2017-06-21 12:28:12.090852","125"
"tele/soil/pot0/temp0","2017-06-21 12:38:00.564714","22.25"
"tele/soil/pot0/moisture0","2017-06-21 12:38:00.695376","136"
"tele/soil/pot0/temp0","2017-06-21 12:47:42.029622","22.25"
"tele/soil/pot0/moisture0","2017-06-21 12:47:42.096538","145"
"tele/soil/pot0/temp0","2017-06-21 12:57:28.445716","22.31"
"tele/soil/pot0/moisture0","2017-06-21 12:57:28.577126","1024"
"tele/soil/pot0/temp0","2017-06-21 13:07:15.688879","22.31"
"tele/soil/pot0/moisture0","2017-06-21 13:07:15.746143","1024"
"tele/soil/pot0/temp0","2017-06-21 13:17:02.066613","22.43"
"tele/soil/pot0/moisture0","2017-06-21 13:17:02.130888","1024"
"tele/soil/pot0/temp0","2017-06-21 13:26:46.379405","22.43"
"tele/soil/pot0/moisture0","2017-06-21 13:26:46.471735","1024"
"tele/soil/pot0/temp0","2017-06-21 13:36:32.486453","22.50"
"tele/soil/pot0/moisture0","2017-06-21 13:36:32.534553","1024"
"tele/soil/pot0/temp0","2017-06-21 13:46:19.149305","22.50"
"tele/soil/pot0/moisture0","2017-06-21 13:46:19.252167","341"
"tele/soil/pot0/temp0","2017-06-21 13:56:05.272563","22.56"
"tele/soil/pot0/moisture0","2017-06-21 13:56:05.330679","343"
"tele/soil/pot0/temp0","2017-06-21 14:05:51.818730","22.62"
"tele/soil/pot0/moisture0","2017-06-21 14:05:51.872618","263"
"tele/soil/pot0/temp0","2017-06-21 14:15:40.920283","22.62"
"tele/soil/pot0/moisture0","2017-06-21 14:15:41.004445","205"
"tele/soil/pot0/temp0","2017-06-21 14:25:24.421056","22.68"
"tele/soil/pot0/moisture0","2017-06-21 14:25:24.474024","155"
"tele/soil/pot0/temp0","2017-06-21 14:35:11.211872","22.75"
"tele/soil/pot0/moisture0","2017-06-21 14:35:11.262844","224"
"tele/soil/pot0/temp0","2017-06-21 14:44:58.952083","22.75"
"tele/soil/pot0/moisture0","2017-06-21 14:44:59.004730","163"
"tele/soil/pot0/temp0","2017-06-21 14:54:44.305295","22.81"
"tele/soil/pot0/moisture0","2017-06-21 14:54:44.369654","145"
"tele/soil/pot0/temp0","2017-06-21 15:04:30.524980","22.87"
"tele/soil/pot0/moisture0","2017-06-21 15:04:30.581819","143"
"tele/soil/pot0/temp0","2017-06-21 15:14:17.163118","22.93"
"tele/soil/pot0/moisture0","2017-06-21 15:14:17.222722","139"
"tele/soil/pot0/temp0","2017-06-21 15:24:03.285622","23.00"
"tele/soil/pot0/moisture0","2017-06-21 15:24:03.334703","139"
"tele/soil/pot0/temp0","2017-06-21 15:33:49.357939","23.06"
"tele/soil/pot0/moisture0","2017-06-21 15:33:49.447472","136"
"tele/soil/pot0/temp0","2017-06-21 15:43:35.770575","23.12"
"tele/soil/pot0/moisture0","2017-06-21 15:43:35.827269","132"
"tele/soil/pot0/temp0","2017-06-21 15:53:21.009244","23.18"
"tele/soil/pot0/moisture0","2017-06-21 15:53:21.084301","126"
"tele/soil/pot0/temp0","2017-06-21 16:03:09.769188","23.25"
"tele/soil/pot0/moisture0","2017-06-21 16:03:09.827327","125"
"tele/soil/pot0/temp0","2017-06-21 16:12:53.848032","23.31"
"tele/soil/pot0/moisture0","2017-06-21 16:12:53.915895","124"
"tele/soil/pot0/temp0","2017-06-21 16:22:40.826416","23.50"
"tele/soil/pot0/moisture0","2017-06-21 16:22:40.877093","122"
"tele/soil/pot0/temp0","2017-06-21 16:32:30.333327","23.43"
"tele/soil/pot0/moisture0","2017-06-21 16:32:30.412743","157"
"tele/soil/pot0/temp0","2017-06-21 16:42:16.379338","23.56"
"tele/soil/pot0/moisture0","2017-06-21 16:42:16.557394","119"
"tele/soil/pot0/temp0","2017-06-21 16:51:59.857327","23.62"
"tele/soil/pot0/moisture0","2017-06-21 16:51:59.903560","117"
"tele/soil/pot0/temp0","2017-06-21 17:01:46.704249","23.75"
"tele/soil/pot0/moisture0","2017-06-21 17:01:46.794926","114"
"tele/soil/pot0/temp0","2017-06-21 17:11:12.783875","85.00"
"tele/soil/pot0/moisture0","2017-06-21 17:11:12.843068","114"
"tele/soil/pot0/temp0","2017-06-21 17:20:56.557285","23.87"
"tele/soil/pot0/moisture0","2017-06-21 17:20:56.621211","111"
"tele/soil/pot0/temp0","2017-06-21 17:30:45.359935","23.93"
"tele/soil/pot0/moisture0","2017-06-21 17:30:45.409280","111"
"tele/soil/pot0/temp0","2017-06-21 17:40:35.210215","24.06"
"tele/soil/pot0/moisture0","2017-06-21 17:40:35.395014","107"
"tele/soil/pot0/temp0","2017-06-21 17:50:16.396665","24.25"
"tele/soil/pot0/moisture0","2017-06-21 17:50:16.453759","107"
"tele/soil/pot0/temp0","2017-06-21 18:00:03.757127","24.18"
"tele/soil/pot0/moisture0","2017-06-21 18:00:03.809508","105"
"tele/soil/pot0/temp0","2017-06-21 18:09:49.121273","24.25"
"tele/soil/pot0/moisture0","2017-06-21 18:09:49.175775","104"
"tele/soil/pot0/temp0","2017-06-21 18:19:37.994819","24.37"
"tele/soil/pot0/moisture0","2017-06-21 18:19:38.051533","102"
"tele/soil/pot0/temp0","2017-06-21 18:29:22.386825","24.56"
"tele/soil/pot0/moisture0","2017-06-21 18:29:22.442458","103"
"tele/soil/pot0/temp0","2017-06-21 18:39:14.892432","24.56"
"tele/soil/pot0/moisture0","2017-06-21 18:39:14.940180","99"
"tele/soil/pot0/temp0","2017-06-21 18:48:54.992583","24.68"
"tele/soil/pot0/moisture0","2017-06-21 18:48:55.044474","155"
"tele/soil/pot0/temp0","2017-06-21 18:58:38.760038","24.75"
"tele/soil/pot0/moisture0","2017-06-21 18:58:38.814983","95"
"tele/soil/pot0/temp0","2017-06-21 19:08:25.064596","24.75"
"tele/soil/pot0/moisture0","2017-06-21 19:08:25.111444","92"
"tele/soil/pot0/temp0","2017-06-21 19:18:07.595425","24.87"
"tele/soil/pot0/moisture0","2017-06-21 19:18:07.713710","97"
"tele/soil/pot0/temp0","2017-06-21 19:27:55.039814","24.93"
"tele/soil/pot0/moisture0","2017-06-21 19:27:55.092269","100"
"tele/soil/pot0/temp0","2017-06-21 19:37:39.939319","25.00"
"tele/soil/pot0/moisture0","2017-06-21 19:37:40.006055","99"
"tele/soil/pot0/temp0","2017-06-21 19:47:23.226370","25.00"
"tele/soil/pot0/moisture0","2017-06-21 19:47:23.284969","101"
"tele/soil/pot0/temp0","2017-06-21 19:57:09.381299","25.06"
"tele/soil/pot0/moisture0","2017-06-21 19:57:09.435630","103"
"tele/soil/pot0/temp0","2017-06-21 20:06:54.104590","25.06"
"tele/soil/pot0/moisture0","2017-06-21 20:06:54.160338","101"
"tele/soil/pot0/temp0","2017-06-21 20:16:44.112349","25.25"
"tele/soil/pot0/moisture0","2017-06-21 20:16:44.175262","102"
"tele/soil/pot0/temp0","2017-06-21 20:26:25.438518","25.31"
"tele/soil/pot0/moisture0","2017-06-21 20:26:25.499078","99"
"tele/soil/pot0/temp0","2017-06-21 20:36:10.663836","25.31"
"tele/soil/pot0/moisture0","2017-06-21 20:36:10.727204","98"
"tele/soil/pot0/temp0","2017-06-21 20:45:56.277510","25.37"
"tele/soil/pot0/moisture0","2017-06-21 20:45:56.332183","101"
"tele/soil/pot0/temp0","2017-06-21 20:55:48.154562","25.43"
"tele/soil/pot0/moisture0","2017-06-21 20:55:48.242473","103"
"tele/soil/pot0/temp0","2017-06-21 21:05:28.435886","25.43"
"tele/soil/pot0/moisture0","2017-06-21 21:05:28.486810","92"
"tele/soil/pot0/temp0","2017-06-21 21:15:16.925407","25.43"
"tele/soil/pot0/moisture0","2017-06-21 21:15:16.981131","90"
"tele/soil/pot0/temp0","2017-06-21 21:24:58.865458","25.50"
"tele/soil/pot0/moisture0","2017-06-21 21:24:58.912578","88"
"tele/soil/pot0/temp0","2017-06-21 21:34:51.153617","25.56"
"tele/soil/pot0/moisture0","2017-06-21 21:34:51.205064","86"
"tele/soil/pot0/temp0","2017-06-21 21:44:31.774827","25.56"
"tele/soil/pot0/moisture0","2017-06-21 21:44:31.842847","85"
"tele/soil/pot0/temp0","2017-06-21 21:54:17.896645","25.62"
"tele/soil/pot0/moisture0","2017-06-21 21:54:17.943809","83"
"tele/soil/pot0/temp0","2017-06-21 22:04:03.347015","25.68"
"tele/soil/pot0/moisture0","2017-06-21 22:04:03.402672","81"
"tele/soil/pot0/temp0","2017-06-21 22:13:49.867176","25.68"
"tele/soil/pot0/moisture0","2017-06-21 22:13:49.932321","80"
"tele/soil/pot0/temp0","2017-06-21 22:23:35.209532","25.68"
"tele/soil/pot0/moisture0","2017-06-21 22:23:35.292578","78"
"tele/soil/pot0/temp0","2017-06-21 22:33:20.411907","25.68"
"tele/soil/pot0/moisture0","2017-06-21 22:33:20.494700","77"
"tele/soil/pot0/temp0","2017-06-21 22:43:06.342079","25.68"
"tele/soil/pot0/moisture0","2017-06-21 22:43:06.393519","74"
"tele/soil/pot0/temp0","2017-06-21 22:52:52.518521","25.68"
"tele/soil/pot0/moisture0","2017-06-21 22:52:52.563928","72"
"tele/soil/pot0/temp0","2017-06-21 22:56:55.456728","85.00"
"tele/soil/pot0/moisture0","2017-06-21 22:56:55.512210","71"
"tele/soil/pot0/temp0","2017-06-21 23:06:38.632860","25.75"
"tele/soil/pot0/moisture0","2017-06-21 23:06:38.713085","70"
"tele/soil/pot0/temp0","2017-06-21 23:16:24.265309","25.75"
"tele/soil/pot0/moisture0","2017-06-21 23:16:24.329323","68"
"tele/soil/pot0/temp0","2017-06-21 23:26:10.518506","25.75"
"tele/soil/pot0/moisture0","2017-06-21 23:26:10.579782","70"
"tele/soil/pot0/temp0","2017-06-21 23:35:55.428970","25.75"
"tele/soil/pot0/moisture0","2017-06-21 23:35:55.488569","69"
"tele/soil/pot0/temp0","2017-06-21 23:45:40.962474","25.75"
"tele/soil/pot0/moisture0","2017-06-21 23:45:41.073561","67"
"tele/soil/pot0/temp0","2017-06-21 23:55:28.842903","25.75"
"tele/soil/pot0/moisture0","2017-06-21 23:55:28.903720","204"
"tele/soil/pot0/temp0","2017-06-22 00:05:10.649844","25.75"
"tele/soil/pot0/moisture0","2017-06-22 00:05:10.704106","63"
"tele/soil/pot0/temp0","2017-06-22 00:14:56.484768","25.68"
"tele/soil/pot0/moisture0","2017-06-22 00:14:56.546057","62"
"tele/soil/pot0/temp0","2017-06-22 00:24:42.616904","25.68"
"tele/soil/pot0/moisture0","2017-06-22 00:24:42.679452","67"
"tele/soil/pot0/temp0","2017-06-22 00:34:28.545773","25.68"
"tele/soil/pot0/moisture0","2017-06-22 00:34:28.634693","69"
"tele/soil/pot0/temp0","2017-06-22 00:44:15.925073","25.68"
"tele/soil/pot0/moisture0","2017-06-22 00:44:15.984686","68"
"tele/soil/pot0/temp0","2017-06-22 00:54:02.060303","25.68"
"tele/soil/pot0/moisture0","2017-06-22 00:54:02.112175","69"
"tele/soil/pot0/temp0","2017-06-22 01:03:46.568433","25.62"
"tele/soil/pot0/moisture0","2017-06-22 01:03:46.634337","63"
"tele/soil/pot0/temp0","2017-06-22 01:13:33.210970","25.56"
"tele/soil/pot0/moisture0","2017-06-22 01:13:33.301155","63"
"tele/soil/pot0/temp0","2017-06-22 01:23:15.260652","25.56"
"tele/soil/pot0/moisture0","2017-06-22 01:23:15.325458","63"
"tele/soil/pot0/temp0","2017-06-22 01:33:01.515759","25.56"
"tele/soil/pot0/moisture0","2017-06-22 01:33:01.583692","62"
"tele/soil/pot0/temp0","2017-06-22 01:42:46.816758","25.56"
"tele/soil/pot0/moisture0","2017-06-22 01:42:46.880337","62"
"tele/soil/pot0/temp0","2017-06-22 01:52:34.390563","25.50"
"tele/soil/pot0/moisture0","2017-06-22 01:52:34.482402","62"
"tele/soil/pot0/temp0","2017-06-22 02:02:19.937821","25.43"
"tele/soil/pot0/moisture0","2017-06-22 02:02:20.000244","60"
"tele/soil/pot0/temp0","2017-06-22 02:12:05.560109","25.43"
"tele/soil/pot0/moisture0","2017-06-22 02:12:05.612787","60"
"tele/soil/pot0/temp0","2017-06-22 02:21:50.897590","25.37"
"tele/soil/pot0/moisture0","2017-06-22 02:21:50.989978","60"
"tele/soil/pot0/temp0","2017-06-22 02:31:34.684252","25.31"
"tele/soil/pot0/moisture0","2017-06-22 02:31:34.734925","60"
"tele/soil/pot0/temp0","2017-06-22 02:41:35.354920","25.31"
"tele/soil/pot0/moisture0","2017-06-22 02:41:35.417505","59"
"tele/soil/pot0/temp0","2017-06-22 02:51:14.520387","25.25"
"tele/soil/pot0/moisture0","2017-06-22 02:51:14.600124","59"
"tele/soil/pot0/temp0","2017-06-22 03:01:00.676878","25.18"
"tele/soil/pot0/moisture0","2017-06-22 03:01:00.862341","59"
"tele/soil/pot0/temp0","2017-06-22 03:10:48.345031","25.18"
"tele/soil/pot0/moisture0","2017-06-22 03:10:48.425473","58"
"tele/soil/pot0/temp0","2017-06-22 03:20:31.899031","25.06"
"tele/soil/pot0/moisture0","2017-06-22 03:20:31.959138","57"
"tele/soil/pot0/temp0","2017-06-22 03:30:17.632895","25.00"
"tele/soil/pot0/moisture0","2017-06-22 03:30:17.684976","57"
"tele/soil/pot0/temp0","2017-06-22 03:40:07.090997","25.00"
"tele/soil/pot0/moisture0","2017-06-22 03:40:07.199738","57"
"tele/soil/pot0/temp0","2017-06-22 03:49:52.171710","24.93"
"tele/soil/pot0/moisture0","2017-06-22 03:49:52.225012","57"
"tele/soil/pot0/temp0","2017-06-22 08:19:49.592080","85.00"
"tele/soil/pot0/moisture0","2017-06-22 08:19:49.735533","59"
"tele/soil/pot0/temp0","2017-06-22 08:29:10.879753","23.37"
"tele/soil/pot0/moisture0","2017-06-22 08:29:10.934478","46"
"tele/soil/pot0/temp0","2017-06-22 08:38:51.489431","23.37"
"tele/soil/pot0/moisture0","2017-06-22 08:38:51.547518","46"
"tele/soil/pot0/temp0","2017-06-22 08:48:36.279593","23.31"
"tele/soil/pot0/moisture0","2017-06-22 08:48:36.375476","45"
"tele/soil/pot0/temp0","2017-06-22 18:46:10.813132","85.00"
"tele/soil/pot0/moisture0","2017-06-22 18:46:10.874337","39"
"tele/soil/pot0/temp0","2017-06-22 19:06:19.926414","85.00"
"tele/soil/pot0/moisture0","2017-06-22 19:06:19.987938","35"
"tele/soil/pot0/temp0","2017-06-22 19:27:33.904659","85.00"
"tele/soil/pot0/moisture0","2017-06-22 19:27:33.958078","1024"
"tele/soil/pot0/temp0","2017-06-22 19:27:39.831340","85.00"
"tele/soil/pot0/moisture0","2017-06-22 19:27:39.897228","1024"
"tele/soil/pot0/temp0","2017-06-22 19:37:00.493151","22.25"
"tele/soil/pot0/moisture0","2017-06-22 19:37:00.598449","1024"
"tele/soil/pot0/temp0","2017-06-22 19:46:43.545076","22.25"
"tele/soil/pot0/moisture0","2017-06-22 19:46:43.611484","1024"
"tele/soil/pot0/temp0","2017-06-22 19:56:28.669263","22.31"
"tele/soil/pot0/moisture0","2017-06-22 19:56:28.843195","904"
"tele/soil/pot0/temp0","2017-06-22 20:06:13.373569","22.31"
"tele/soil/pot0/moisture0","2017-06-22 20:06:13.448766","145"
"tele/soil/pot0/temp0","2017-06-22 20:16:00.911537","22.18"
"tele/soil/pot0/moisture0","2017-06-22 20:16:00.997433","116"
"tele/soil/pot0/temp0","2017-06-22 20:25:46.268702","22.50"
"tele/soil/pot0/moisture0","2017-06-22 20:25:46.362397","75"
"tele/soil/pot0/temp0","2017-06-22 20:35:29.949101","22.12"
"tele/soil/pot0/moisture0","2017-06-22 20:35:29.999554","77"
"tele/soil/pot0/temp0","2017-06-22 20:45:17.492698","22.25"
"tele/soil/pot0/moisture0","2017-06-22 20:45:17.551991","82"
"tele/soil/pot0/temp0","2017-06-22 20:55:01.684273","22.50"
"tele/soil/pot0/moisture0","2017-06-22 20:55:01.733512","77"
"tele/soil/pot0/temp0","2017-06-22 21:05:16.098225","22.06"
"tele/soil/pot0/moisture0","2017-06-22 21:05:16.163190","77"
"tele/soil/pot0/temp0","2017-06-22 21:14:51.588499","22.06"
"tele/soil/pot0/moisture0","2017-06-22 21:14:51.639566","79"
"tele/soil/pot0/temp0","2017-06-22 21:24:37.636430","22.06"
"tele/soil/pot0/moisture0","2017-06-22 21:24:37.699135","81"
"tele/soil/pot0/temp0","2017-06-22 21:34:23.688428","22.00"
"tele/soil/pot0/moisture0","2017-06-22 21:34:23.768951","82"
"tele/soil/pot0/temp0","2017-06-22 21:44:11.994839","22.00"
"tele/soil/pot0/moisture0","2017-06-22 21:44:12.050073","87"
"tele/soil/pot0/temp0","2017-06-22 21:53:55.003088","22.00"
"tele/soil/pot0/moisture0","2017-06-22 21:53:55.067579","90"
